Model Architecture,Loss Function,Learning Rate,Accuracy Train,Accuracy Test
"[Linear(in_features=427, out_features=30, bias=True), ReLU(), Linear(in_features=30, out_features=20, bias=True), ReLU(), Linear(in_features=20, out_features=1, bias=True), Sigmoid()]",BCELoss(),0.001,0.5276967883110046,0.5006802678108215
"[Linear(in_features=427, out_features=30, bias=True), ReLU(), Linear(in_features=30, out_features=20, bias=True), ReLU(), Linear(in_features=20, out_features=1, bias=True), Sigmoid()]",BCELoss(),0.01,0.5276967883110046,0.5006802678108215
"[Linear(in_features=427, out_features=30, bias=True), ReLU(), Linear(in_features=30, out_features=20, bias=True), ReLU(), Linear(in_features=20, out_features=1, bias=True), Sigmoid()]",BCELoss(),0.1,0.5276967883110046,0.5006802678108215
"[Linear(in_features=427, out_features=30, bias=True), ReLU(), Linear(in_features=30, out_features=20, bias=True), ReLU(), Linear(in_features=20, out_features=1, bias=True), Sigmoid()]",CrossEntropyLoss(),0.001,0.5276967883110046,0.5006802678108215
"[Linear(in_features=427, out_features=30, bias=True), ReLU(), Linear(in_features=30, out_features=20, bias=True), ReLU(), Linear(in_features=20, out_features=1, bias=True), Sigmoid()]",CrossEntropyLoss(),0.01,0.5276967883110046,0.5006802678108215
"[Linear(in_features=427, out_features=30, bias=True), ReLU(), Linear(in_features=30, out_features=20, bias=True), ReLU(), Linear(in_features=20, out_features=1, bias=True), Sigmoid()]",CrossEntropyLoss(),0.1,0.5276967883110046,0.5006802678108215
"[Linear(in_features=427, out_features=50, bias=True), ReLU(), Linear(in_features=50, out_features=40, bias=True), ReLU(), Linear(in_features=40, out_features=30, bias=True), ReLU(), Linear(in_features=30, out_features=20, bias=True), ReLU(), Linear(in_features=20, out_features=1, bias=True), Sigmoid()]",BCELoss(),0.001,0.5276967883110046,0.5156462788581848
"[Linear(in_features=427, out_features=50, bias=True), ReLU(), Linear(in_features=50, out_features=40, bias=True), ReLU(), Linear(in_features=40, out_features=30, bias=True), ReLU(), Linear(in_features=30, out_features=20, bias=True), ReLU(), Linear(in_features=20, out_features=1, bias=True), Sigmoid()]",BCELoss(),0.01,0.5276967883110046,0.5156462788581848
"[Linear(in_features=427, out_features=50, bias=True), ReLU(), Linear(in_features=50, out_features=40, bias=True), ReLU(), Linear(in_features=40, out_features=30, bias=True), ReLU(), Linear(in_features=30, out_features=20, bias=True), ReLU(), Linear(in_features=20, out_features=1, bias=True), Sigmoid()]",BCELoss(),0.1,0.5276967883110046,0.5156462788581848
"[Linear(in_features=427, out_features=50, bias=True), ReLU(), Linear(in_features=50, out_features=40, bias=True), ReLU(), Linear(in_features=40, out_features=30, bias=True), ReLU(), Linear(in_features=30, out_features=20, bias=True), ReLU(), Linear(in_features=20, out_features=1, bias=True), Sigmoid()]",CrossEntropyLoss(),0.001,0.5276967883110046,0.5156462788581848
"[Linear(in_features=427, out_features=50, bias=True), ReLU(), Linear(in_features=50, out_features=40, bias=True), ReLU(), Linear(in_features=40, out_features=30, bias=True), ReLU(), Linear(in_features=30, out_features=20, bias=True), ReLU(), Linear(in_features=20, out_features=1, bias=True), Sigmoid()]",CrossEntropyLoss(),0.01,0.5276967883110046,0.5156462788581848
"[Linear(in_features=427, out_features=50, bias=True), ReLU(), Linear(in_features=50, out_features=40, bias=True), ReLU(), Linear(in_features=40, out_features=30, bias=True), ReLU(), Linear(in_features=30, out_features=20, bias=True), ReLU(), Linear(in_features=20, out_features=1, bias=True), Sigmoid()]",CrossEntropyLoss(),0.1,0.5276967883110046,0.5156462788581848
"[Linear(in_features=427, out_features=20, bias=True), ReLU(), Linear(in_features=20, out_features=20, bias=True), ReLU(), Linear(in_features=20, out_features=20, bias=True), ReLU(), Linear(in_features=20, out_features=20, bias=True), ReLU(), Linear(in_features=20, out_features=20, bias=True), ReLU(), Linear(in_features=20, out_features=20, bias=True), ReLU(), Linear(in_features=20, out_features=20, bias=True), ReLU(), Linear(in_features=20, out_features=20, bias=True), ReLU(), Linear(in_features=20, out_features=20, bias=True), ReLU(), Linear(in_features=20, out_features=20, bias=True), ReLU(), Linear(in_features=20, out_features=1, bias=True), Sigmoid()]",BCELoss(),0.001,0.47230321168899536,0.4843537509441376
"[Linear(in_features=427, out_features=20, bias=True), ReLU(), Linear(in_features=20, out_features=20, bias=True), ReLU(), Linear(in_features=20, out_features=20, bias=True), ReLU(), Linear(in_features=20, out_features=20, bias=True), ReLU(), Linear(in_features=20, out_features=20, bias=True), ReLU(), Linear(in_features=20, out_features=20, bias=True), ReLU(), Linear(in_features=20, out_features=20, bias=True), ReLU(), Linear(in_features=20, out_features=20, bias=True), ReLU(), Linear(in_features=20, out_features=20, bias=True), ReLU(), Linear(in_features=20, out_features=20, bias=True), ReLU(), Linear(in_features=20, out_features=1, bias=True), Sigmoid()]",BCELoss(),0.01,0.47230321168899536,0.4843537509441376
"[Linear(in_features=427, out_features=20, bias=True), ReLU(), Linear(in_features=20, out_features=20, bias=True), ReLU(), Linear(in_features=20, out_features=20, bias=True), ReLU(), Linear(in_features=20, out_features=20, bias=True), ReLU(), Linear(in_features=20, out_features=20, bias=True), ReLU(), Linear(in_features=20, out_features=20, bias=True), ReLU(), Linear(in_features=20, out_features=20, bias=True), ReLU(), Linear(in_features=20, out_features=20, bias=True), ReLU(), Linear(in_features=20, out_features=20, bias=True), ReLU(), Linear(in_features=20, out_features=20, bias=True), ReLU(), Linear(in_features=20, out_features=1, bias=True), Sigmoid()]",BCELoss(),0.1,0.47230321168899536,0.4843537509441376
"[Linear(in_features=427, out_features=20, bias=True), ReLU(), Linear(in_features=20, out_features=20, bias=True), ReLU(), Linear(in_features=20, out_features=20, bias=True), ReLU(), Linear(in_features=20, out_features=20, bias=True), ReLU(), Linear(in_features=20, out_features=20, bias=True), ReLU(), Linear(in_features=20, out_features=20, bias=True), ReLU(), Linear(in_features=20, out_features=20, bias=True), ReLU(), Linear(in_features=20, out_features=20, bias=True), ReLU(), Linear(in_features=20, out_features=20, bias=True), ReLU(), Linear(in_features=20, out_features=20, bias=True), ReLU(), Linear(in_features=20, out_features=1, bias=True), Sigmoid()]",CrossEntropyLoss(),0.001,0.47230321168899536,0.4843537509441376
"[Linear(in_features=427, out_features=20, bias=True), ReLU(), Linear(in_features=20, out_features=20, bias=True), ReLU(), Linear(in_features=20, out_features=20, bias=True), ReLU(), Linear(in_features=20, out_features=20, bias=True), ReLU(), Linear(in_features=20, out_features=20, bias=True), ReLU(), Linear(in_features=20, out_features=20, bias=True), ReLU(), Linear(in_features=20, out_features=20, bias=True), ReLU(), Linear(in_features=20, out_features=20, bias=True), ReLU(), Linear(in_features=20, out_features=20, bias=True), ReLU(), Linear(in_features=20, out_features=20, bias=True), ReLU(), Linear(in_features=20, out_features=1, bias=True), Sigmoid()]",CrossEntropyLoss(),0.01,0.47230321168899536,0.4843537509441376
"[Linear(in_features=427, out_features=20, bias=True), ReLU(), Linear(in_features=20, out_features=20, bias=True), ReLU(), Linear(in_features=20, out_features=20, bias=True), ReLU(), Linear(in_features=20, out_features=20, bias=True), ReLU(), Linear(in_features=20, out_features=20, bias=True), ReLU(), Linear(in_features=20, out_features=20, bias=True), ReLU(), Linear(in_features=20, out_features=20, bias=True), ReLU(), Linear(in_features=20, out_features=20, bias=True), ReLU(), Linear(in_features=20, out_features=20, bias=True), ReLU(), Linear(in_features=20, out_features=20, bias=True), ReLU(), Linear(in_features=20, out_features=1, bias=True), Sigmoid()]",CrossEntropyLoss(),0.1,0.47230321168899536,0.4843537509441376
